[{"family":"MaterialIcons","fonts":[{"asset":"fonts/MaterialIcons-Regular.otf"}]},{"family":"packages/cupertino_icons/CupertinoIcons","fonts":[{"asset":"packages/cupertino_icons/assets/CupertinoIcons.ttf"}]},{"family":"packages/flutter_icons/Ionicons","fonts":[{"asset":"packages/flutter_icons/fonts/Ionicons.ttf"}]},{"family":"packages/flutter_icons/AntDesign","fonts":[{"asset":"packages/flutter_icons/fonts/AntDesign.ttf"}]},{"family":"packages/flutter_icons/FontAwesome","fonts":[{"asset":"packages/flutter_icons/fonts/FontAwesome.ttf"}]},{"family":"packages/flutter_icons/MaterialIcons","fonts":[{"asset":"packages/flutter_icons/fonts/MaterialIcons.ttf"}]},{"family":"packages/flutter_icons/Entypo","fonts":[{"asset":"packages/flutter_icons/fonts/Entypo.ttf"}]},{"family":"packages/flutter_icons/EvilIcons","fonts":[{"asset":"packages/flutter_icons/fonts/EvilIcons.ttf"}]},{"family":"packages/flutter_icons/Feather","fonts":[{"asset":"packages/flutter_icons/fonts/Feather.ttf"}]},{"family":"packages/flutter_icons/Foundation","fonts":[{"asset":"packages/flutter_icons/fonts/Foundation.ttf"}]},{"family":"packages/flutter_icons/MaterialCommunityIcons","fonts":[{"asset":"packages/flutter_icons/fonts/MaterialCommunityIcons.ttf"}]},{"family":"packages/flutter_icons/Octicons","fonts":[{"asset":"packages/flutter_icons/fonts/Octicons.ttf"}]},{"family":"packages/flutter_icons/SimpleLineIcons","fonts":[{"asset":"packages/flutter_icons/fonts/SimpleLineIcons.ttf"}]},{"family":"packages/flutter_icons/Zocial","fonts":[{"asset":"packages/flutter_icons/fonts/Zocial.ttf"}]},{"family":"packages/flutter_icons/FontAwesome5","fonts":[{"asset":"packages/flutter_icons/fonts/FontAwesome5_Regular.ttf"}]},{"family":"packages/flutter_icons/FontAwesome5_Brands","fonts":[{"asset":"packages/flutter_icons/fonts/FontAwesome5_Brands.ttf"}]},{"family":"packages/flutter_icons/FontAwesome5_Solid","fonts":[{"asset":"packages/flutter_icons/fonts/FontAwesome5_Solid.ttf"}]},{"family":"packages/flutter_icons/WeatherIcons","fonts":[{"asset":"packages/flutter_icons/fonts/weathericons.ttf"}]},{"family":"packages/flutter_math_fork/KaTeX_Main","fonts":[{"asset":"packages/flutter_math_fork/lib/katex_fonts/fonts/KaTeX_Main-Regular.ttf"},{"style":"italic","asset":"packages/flutter_math_fork/lib/katex_fonts/fonts/KaTeX_Main-Italic.ttf"},{"weight":700,"asset":"packages/flutter_math_fork/lib/katex_fonts/fonts/KaTeX_Main-Bold.ttf"},{"weight":700,"style":"italic","asset":"packages/flutter_math_fork/lib/katex_fonts/fonts/KaTeX_Main-BoldItalic.ttf"}]},{"family":"packages/flutter_math_fork/KaTeX_Math","fonts":[{"style":"italic","asset":"packages/flutter_math_fork/lib/katex_fonts/fonts/KaTeX_Math-Italic.ttf"},{"weight":700,"style":"italic","asset":"packages/flutter_math_fork/lib/katex_fonts/fonts/KaTeX_Math-BoldItalic.ttf"}]},{"family":"packages/flutter_math_fork/KaTeX_AMS","fonts":[{"asset":"packages/flutter_math_fork/lib/katex_fonts/fonts/KaTeX_AMS-Regular.ttf"}]},{"family":"packages/flutter_math_fork/KaTeX_Caligraphic","fonts":[{"asset":"packages/flutter_math_fork/lib/katex_fonts/fonts/KaTeX_Caligraphic-Regular.ttf"},{"weight":700,"asset":"packages/flutter_math_fork/lib/katex_fonts/fonts/KaTeX_Caligraphic-Bold.ttf"}]},{"family":"packages/flutter_math_fork/KaTeX_Fraktur","fonts":[{"asset":"packages/flutter_math_fork/lib/katex_fonts/fonts/KaTeX_Fraktur-Regular.ttf"},{"weight":700,"asset":"packages/flutter_math_fork/lib/katex_fonts/fonts/KaTeX_Fraktur-Bold.ttf"}]},{"family":"packages/flutter_math_fork/KaTeX_SansSerif","fonts":[{"asset":"packages/flutter_math_fork/lib/katex_fonts/fonts/KaTeX_SansSerif-Regular.ttf"},{"weight":700,"asset":"packages/flutter_math_fork/lib/katex_fonts/fonts/KaTeX_SansSerif-Bold.ttf"},{"style":"italic","asset":"packages/flutter_math_fork/lib/katex_fonts/fonts/KaTeX_SansSerif-Italic.ttf"}]},{"family":"packages/flutter_math_fork/KaTeX_Script","fonts":[{"asset":"packages/flutter_math_fork/lib/katex_fonts/fonts/KaTeX_Script-Regular.ttf"}]},{"family":"packages/flutter_math_fork/KaTeX_Typewriter","fonts":[{"asset":"packages/flutter_math_fork/lib/katex_fonts/fonts/KaTeX_Typewriter-Regular.ttf"}]},{"family":"packages/flutter_math_fork/KaTeX_Size1","fonts":[{"asset":"packages/flutter_math_fork/lib/katex_fonts/fonts/KaTeX_Size1-Regular.ttf"}]},{"family":"packages/flutter_math_fork/KaTeX_Size2","fonts":[{"asset":"packages/flutter_math_fork/lib/katex_fonts/fonts/KaTeX_Size2-Regular.ttf"}]},{"family":"packages/flutter_math_fork/KaTeX_Size3","fonts":[{"asset":"packages/flutter_math_fork/lib/katex_fonts/fonts/KaTeX_Size3-Regular.ttf"}]},{"family":"packages/flutter_math_fork/KaTeX_Size4","fonts":[{"asset":"packages/flutter_math_fork/lib/katex_fonts/fonts/KaTeX_Size4-Regular.ttf"}]}]